cst_id,cst_key,cst_firstname,cst_lastname,cst_material_status,cst_gndr,cst_create_date
11000,AW00011000," Jon","Yang ",M,M,2025-10-06
11001,AW00011001,Eugene,"Huang  ",S,M,2025-10-06
11002,AW00011002,Ruben," Torres",M,M,2025-10-06
11003,AW00011003,Christy,"  Zhu",S,F,2025-10-06
11004,AW00011004," Elizabeth",Johnson,S,F,2025-10-06
11005,AW00011005,Julio,Ruiz,S,M,2025-10-06
11006,AW00011006,Janet,Alvarez,S,F,2025-10-06
11007,AW00011007,Marco,Mehta,M,M,2025-10-06
11008,AW00011008,Rob,Verhoff,S,F,2025-10-06
11009,AW00011009,Shannon,Carlson,S,M,2025-10-06
11010,AW00011010,Jacquelyn,Suarez,S,F,2025-10-06
11011,AW00011011,Curtis,Lu,M,M,2025-10-06
11012,AW00011012,"  Lauren"," Walker",M,F,2025-10-06
11013,AW00011013," Ian "," Jenkins ",M,M,2025-10-06
11014,AW00011014,Sydney,Bennett,S,F,2025-10-06
11015,AW00011015,"  Chloe",Young,S,F,2025-10-06
11016,AW00011016,Wyatt,Hill,M,M,2025-10-07
11017,AW00011017,Shannon,Wang,S,F,2025-10-07
11018,AW00011018,Clarence,Rai,S,M,2025-10-07
11019,AW00011019,Luke,Lal,S,M,2025-10-07
11020,AW00011020,Jordan,King,S,M,2025-10-07
11021,AW00011021," Destiny","Wilson ",S,F,2025-10-07
11022,AW00011022,Ethan,Zhang,M,M,2025-10-07
11023,AW00011023,Seth,Edwards,M,M,2025-10-07
11024,AW00011024,Russell,Xie,M,M,2025-10-07
11025,AW00011025,Alejandro,Beck,M,M,2025-10-07
11026,AW00011026,Harold,Sai,S,M,2025-10-07
11027,AW00011027,Jessie,Zhao,M,M,2025-10-07
11028,AW00011028,Jill,Jimenez,M,F,2025-10-07
11029,AW00011029,Jimmy,Moreno,M,M,2025-10-07
11030,AW00011030,Bethany,Yuan,M,F,2025-10-07
11031,AW00011031,Theresa,Ramos,M,F,2025-10-07
11032,AW00011032,Denise,Stone,M,F,2025-10-07
11033,AW00011033,Jaime,Nath,M,M,2025-10-07
11034,AW00011034,Ebony,Gonzalez,M,F,2025-10-07
11035,AW00011035,Wendy,Dominguez,M,F,2025-10-07
11036,AW00011036,Jennifer,Russell,M,F,2025-10-07
11037,AW00011037,Chloe,Garcia,S,F,2025-10-07
11038,AW00011038,Diana,Hernandez,M,F,2025-10-07
11039,AW00011039,Marc,Martin,M,M,2025-10-07
11040,AW00011040,Jesse,Murphy,M,M,2025-10-07
11041,AW00011041,Amanda,Carter,M,F,2025-10-07
11042,AW00011042,Megan,Sanchez,M,F,2025-10-07
11043,AW00011043,Nathan,Simmons,M,M,2025-10-07
11044,AW00011044,Adam,Flores,M,M,2025-10-07
11045,AW00011045,Leonard,Nara,S,M,2025-10-07
11046,AW00011046,Christine,Yuan,M,F,2025-10-07
11047,AW00011047,Jaclyn,Lu,M,F,2025-10-07
11048,AW00011048,Jeremy,Powell,M,M,2025-10-07
11049,AW00011049,Carol,Rai,S,F,2025-10-07
11050,AW00011050,Alan,Zheng,M,M,2025-10-07
11051,AW00011051,Daniel,Johnson,S,M,2025-10-07
11052,AW00011052,Heidi,Lopez,S,F,2025-10-07
11053,AW00011053,Ana,Price,M,F,2025-10-07
11054,AW00011054,Deanna,Munoz,M,F,2025-10-07
11055,AW00011055,Gilbert,Raje,M,M,2025-10-07
11056,AW00011056,Michele,Nath,M,F,2025-10-07
11057,AW00011057,Carl,Andersen,M,M,2025-10-07
11058,AW00011058,Marc,Diaz,M,M,2025-10-07
11059,AW00011059,Ashlee,Andersen,S,F,2025-10-07
11060,AW00011060,Jon,Zhou,M,M,2025-10-07
11061,AW00011061,Todd,Gao,M,M,2025-10-07
11062,AW00011062,Noah,Powell,M,M,2025-10-07
11063,AW00011063," Angela  "," Murphy  ",S,F,2025-10-07
11064,AW00011064,Chase," Reed  ",M,M,2025-10-07
11065,AW00011065,"Jessica  ","Henderson ",M,F,2025-10-07
11066,AW00011066,Grace,"  Butler",M,F,2025-10-07
11067,AW00011067," Caleb"," Carter",S,M,2025-10-07
11068,AW00011068,Tiffany,Liang,S,F,2025-10-07
11069,AW00011069,Carolyn,Navarro,S,F,2025-10-07
11070,AW00011070," Willie "," Raji",M,M,2025-10-07
11071,AW00011071,Linda," Serrano",S,F,2025-10-07
11072,AW00011072,Casey,Luo,S,F,2025-10-07
11073,AW00011073,Amy,Ye,S,F,2025-10-07
11074,AW00011074,Levi,Arun,S,M,2025-10-07
11075,AW00011075,Felicia,Jimenez,S,F,2025-10-07
11076,AW00011076,Blake,Anderson,S,M,2025-10-07
11077,AW00011077,Leah,Ye,S,F,2025-10-07
11078,AW00011078,Gina,Martin,S,F,2025-10-07
11079,AW00011079,Donald,Gonzalez,S,M,2025-10-07
11080,AW00011080,Damien,Chander,M,M,2025-10-07
11081,AW00011081,Savannah,Baker,M,F,2025-10-07
11082,AW00011082,Angela,Butler,S,F,2025-10-07
11083,AW00011083,Alyssa,Cox,M,F,2025-10-07
11084,AW00011084,Lucas,Phillips,S,M,2025-10-07
11085,AW00011085,Emily,Johnson,S,F,2025-10-07
11086,AW00011086,Ryan,"  Brown",M,M,2025-10-07
11087,AW00011087,Tamara," Liang",M,F,2025-10-07
11088,AW00011088,Hunter,Davis,M,M,2025-10-07
11089,AW00011089,Abigail,Price,S,F,2025-10-07
11090,AW00011090,Trevor,Bryant,S,M,2025-10-07
11091,AW00011091,Dalton,Perez,M,M,2025-10-07
11092,AW00011092,Cheryl,Diaz,M,F,2025-10-07
11093,AW00011093,Aimee,He,M,F,2025-10-07
11094,AW00011094,Cedric,Ma,S,M,2025-10-07
11095,AW00011095,Chad,Kumar,S,M,2025-10-07
11096,AW00011096,Andr├⌐s,Anand,M,M,2025-10-07
11097,AW00011097,Edwin,Nara,M,M,2025-10-07
11098,AW00011098,Mallory,Rubio,S,F,2025-10-07
11099,AW00011099,Adam,Ross,M,M,2025-10-07
11100,AW00011100,Latasha,Navarro,S,F,2025-10-07
11101,AW00011101,Abby,Sai,S,F,2025-10-07
11102,AW00011102,Julia,Nelson,S,F,2025-10-07
11103,AW00011103,Cassie,Chande,S,F,2025-10-07
11104,AW00011104,Edgar,Sara,M,M,2025-10-07
11105,AW00011105,Candace,Fernandez,S,F,2025-10-07
11106,AW00011106,Jessie,Liu,S,M,2025-10-07
11107,AW00011107,Bianca,Lin,M,F,2025-10-07
11108,AW00011108,Kari,Alvarez,S,F,2025-10-07
11109,AW00011109," Ruben ","Kapoor ",S,M,2025-10-07
11110,AW00011110,Curtis,Yang,M,M,2025-10-07
11111,AW00011111,Meredith,Gutierrez,M,F,2025-10-07
11112,AW00011112,Crystal,Wang,M,F,2025-10-07
11113,AW00011113,Micheal,Blanco,M,M,2025-10-07
11114,AW00011114,Leslie,Moreno,S,F,2025-10-07
11115,AW00011115,Alvin,Cai,M,M,2025-10-07
11116,AW00011116,Clinton,Carlson,M,M,2025-10-07
11117,AW00011117,April,Deng,M,F,2025-10-07
11118,AW00011118,Alvin,Zeng,S,M,2025-10-07
11119,AW00011119,Evan,James,S,M,2025-10-07
11120,AW00011120,Beth,Jim├⌐nez,S,F,2025-10-07
11121,AW00011121,Orlando,Suarez,M,M,2025-10-07
11122,AW00011122,Byron,Vazquez,M,M,2025-10-07
11123,AW00011123,Philip,Alvarez,M,M,2025-10-07
11124,AW00011124,Ross,Jordan,S,M,2025-10-07
11125,AW00011125,Dana,Navarro,S,F,2025-10-07
11126,AW00011126,Shaun,Carson,M,M,2025-10-07
11127,AW00011127,Jan,Edwards,M,F,2025-10-07
11128,AW00011128,Samantha,Long,M,F,2025-10-07
11129,AW00011129,Julia,Wright,S,F,2025-10-07
11130,AW00011130,Caroline,Russell,M,F,2025-10-07
11131,AW00011131,Amanda,Rivera,M,F,2025-10-07
11132,AW00011132,Melissa,Richardson,S,F,2025-10-07
11133,AW00011133,Angela,Griffin,S,F,2025-10-07
11134,AW00011134,Larry,Townsend,S,M,2025-10-07
11135,AW00011135,Marcus,Harris,S,M,2025-10-07
11136,AW00011136,Brianna,Morgan,S,F,2025-10-07
11137,AW00011137,Jasmine,Taylor,M,F,2025-10-07
11138,AW00011138,Lauren,Davis,M,F,2025-10-07
11139,AW00011139,Tanya,Moreno,S,F,2025-10-07
11140,AW00011140," Javier ",Alvarez,S,M,2025-10-07
11141,AW00011141," Nicole",Ramirez,M,F,2025-10-07
11142,AW00011142,Eduardo,Patterson,S,M,2025-10-07
11143,AW00011143,Jonathan,Henderson,M,M,2025-10-07
11144,AW00011144,Edward,Hernandez,S,M,2025-10-07
11145,AW00011145,Jasmine,Coleman,S,F,2025-10-07
11146,AW00011146,Karla,Goel,S,F,2025-10-07
11147,AW00011147,Ernest,Wu,M,M,2025-10-07
11148,AW00011148,Ross,Vazquez,M,M,2025-10-07
11149,AW00011149,Theodore,Gill,M,M,2025-10-07
11150,AW00011150,Russell,Shen,S,M,2025-10-07
11151,AW00011151,Melinda,Gill,S,F,2025-10-07
11152,AW00011152,James,Williams,S,M,2025-10-07
11153,AW00011153,Angela,James,M,F,2025-10-07
11154,AW00011154,Megan,Walker,S,F,2025-10-07
11155,AW00011155,Hunter,Robinson,S,M,2025-10-07
11156,AW00011156,Maria,Roberts,S,F,2025-10-07
11157,AW00011157,Hannah,Long,M,F,2025-10-07
11158,AW00011158,Jason,Wright,S,M,2025-10-07
11159,AW00011159,Brianna,Hughes,S,F,2025-10-07
11160,AW00011160,Maurice,Tang,S,NULL,2025-10-07
11161,AW00011161,Emily,Wood,S,NULL,2025-10-07
11162,AW00011162,Chase,Cox,S,NULL,2025-10-07
11163,AW00011163,Gabriel,Wang,M,NULL,2025-10-07
11164,AW00011164,Devin,Brooks,S,NULL,2025-10-07
11165,AW00011165,Jocelyn,Alexander,M,NULL,2025-10-07
11166,AW00011166,Ashley,Martinez,S,NULL,2025-10-07
11167,AW00011167,Jasmine," Barnes",S,NULL,2025-10-07
11168,AW00011168,David," Rodriguez",S,NULL,2025-10-07
11169,AW00011169,Bryce,Richardson,M,NULL,2025-10-07
11170,AW00011170,Carol," Howard",M,NULL,2025-10-07
11171,AW00011171,Jonathan,Hill,S,NULL,2025-10-07
11172,AW00011172,Gabrielle,Adams,M,NULL,2025-10-07
11173,AW00011173,Sarah,Thomas,S,NULL,2025-10-07
11174,AW00011174,Nicholas,Robinson,M,NULL,2025-10-07
11175,AW00011175,Luis,Wang,S,NULL,2025-10-07
11176,AW00011176,Mason,Roberts,M,NULL,2025-10-07
11177,AW00011177,Jose,Flores,M,NULL,2025-10-07
11178,AW00011178,Nathan,Johnson,M,NULL,2025-10-07
11179,AW00011179,Molly,Rodriguez,M,NULL,2025-10-07
11180,AW00011180,April,Anand,M,NULL,2025-10-07
11181,AW00011181,Devin,Martin,M,NULL,2025-10-07
11182,AW00011182,Stephanie,Torres,S,NULL,2025-10-07
11183,AW00011183,Jasmine,Lee,S,NULL,2025-10-07
11184,AW00011184,Meghan,Hernandez,S,NULL,2025-10-07
11185,AW00011185,Ashley,Henderson,S,NULL,2025-10-07
11186,AW00011186,Sarah,Price,S,NULL,2025-10-07
11187,AW00011187,Jennifer,Cooper,M,NULL,2025-10-07
11188,AW00011188,Catherine,Morris,M,NULL,2025-10-07
11189,AW00011189,Lawrence,Blanco,S,NULL,2025-10-07
11190,AW00011190,Carson,Bryant,M,NULL,2025-10-07
11191,AW00011191,Kristi,Perez,S,NULL,2025-10-07
11192,AW00011192,James,Brown,M,NULL,2025-10-07
11193,AW00011193,Ian,Gray,M,NULL,2025-10-07
11194,AW00011194,Jacqueline,Price,M,NULL,2025-10-07
11195,AW00011195,Megan,Henderson,M,NULL,2025-10-07
11196,AW00011196,Alfredo,Romero,M,NULL,2025-10-07
11197,AW00011197,Andrea,Morris,M,NULL,2025-10-08
11198,AW00011198,Brooke,Sanders,S,NULL,2025-10-08
11199,AW00011199,Jacqueline,Bennett,M,NULL,2025-10-08
11200,AW00011200,Jason,Griffin,M,NULL,2025-10-08
11201,AW00011201,Amanda,Foster,M,NULL,2025-10-08
11202,AW00011202,Alexia,Price,M,NULL,2025-10-08
11203,AW00011203,Luis,Diaz,M,NULL,2025-10-08
11204,AW00011204,Destiny,Rivera,M,NULL,2025-10-08
11205,AW00011205,Abby,Fernandez,M,NULL,2025-10-08
11206,AW00011206,Blake," Flores ",M,NULL,2025-10-08
11207,AW00011207,Danielle,Cox,S,NULL,2025-10-08
11208,AW00011208," Maria "," Reed",M,NULL,2025-10-08
11209,AW00011209," Allison ",Evans,M,NULL,2025-10-08
11210,AW00011210,Edward,Wood,M,NULL,2025-10-08
11211,AW00011211,Samantha,Russell,M,NULL,2025-10-08
11212,AW00011212,Chloe,Campbell,M,NULL,2025-10-08
11213,AW00011213,Stephanie,Murphy,S,NULL,2025-10-08
11214,AW00011214,Charles,Miller,S,NULL,2025-10-08
11215,AW00011215,Ana,Perry,M,NULL,2025-10-08
11216,AW00011216,Jasmine,Torres,S,NULL,2025-10-08
11217,AW00011217,Natalie,Adams,S,NULL,2025-10-08
11218,AW00011218,Olivia,Brown,S,NULL,2025-10-08
11219,AW00011219,Charles,Cook,M,NULL,2025-10-08
11220,AW00011220,Erica,Huang,M,NULL,2025-10-08
11221,AW00011221,Nathan,Perry,M,NULL,2025-10-08
11222,AW00011222,Alexandra,Rivera,M,NULL,2025-10-08
11223,AW00011223,Hailey,Patterson,S,NULL,2025-10-08
11224,AW00011224,Tiffany,Li,S,NULL,2025-10-08
11225,AW00011225,Madison,Lee,M,NULL,2025-10-08
11226,AW00011226,Sydney,Ross,M,NULL,2025-10-08
11227,AW00011227,Marshall,Chavez,S,NULL,2025-10-08
11228,AW00011228,Ashley,Jones,M,NULL,2025-10-08
11229,AW00011229," Adrian ",Stewart,S,NULL,2025-10-08
11230,AW00011230,Amber,Turner,M,NULL,2025-10-08
11231,AW00011231,Dennis,Zhang,M,NULL,2025-10-08
11232,AW00011232,Hailey,Bryant,M,NULL,2025-10-08
11233,AW00011233,Todd,Li,M,NULL,2025-10-08
11234,AW00011234,Anna,Griffin,S,NULL,2025-10-08
11235,AW00011235,Angel,Stewart,M,NULL,2025-10-08
11236,AW00011236,Jeremy,Butler,S,NULL,2025-10-08
11237,AW00011237,Clarence,Anand,S,NULL,2025-10-08
11238,AW00011238,Mayra,Prasad,S,NULL,2025-10-08
11239,AW00011239,Latoya,Goel,M,NULL,2025-10-08
11240,AW00011240,Anne,Hernandez,M,NULL,2025-10-08
11241,AW00011241,Lisa,Cai,S,NULL,2025-10-08
11242,AW00011242,Larry,Munoz,M,NULL,2025-10-08
11243,AW00011243,Robin,Alvarez,M,NULL,2025-10-08
11244,AW00011244,Alexis,Coleman,S,NULL,2025-10-08
11245,AW00011245,Ricky,Vazquez,M,NULL,2025-10-08
11246,AW00011246,Latasha,Rubio,M,NULL,2025-10-08
11247,AW00011247,Claudia,Zhou,S,NULL,2025-10-08
11248,AW00011248,Tristan,Alexander,M,NULL,2025-10-08
11249,AW00011249,Cindy,Patel,M,NULL,2025-10-08
11250,AW00011250,Shannon,Liu,M,NULL,2025-10-08
11251,AW00011251,Xavier,Long,S,NULL,2025-10-08
11252,AW00011252,Nicholas,Thompson,S,NULL,2025-10-08
11253,AW00011253,Jos├⌐,Hernandez,M,NULL,2025-10-08
11254,AW00011254,Johnathan,Vance,M,NULL,2025-10-08
11255,AW00011255,Colin,Lin,M,NULL,2025-10-08
11256,AW00011256,Katelyn,Hernandez,M,NULL,2025-10-08
11257,AW00011257,Jacqueline,Powell,S,NULL,2025-10-08
11258,AW00011258,Xavier,Hill,M,NULL,2025-10-08
11259,AW00011259,"Victoria  ",Stewart,M,NULL,2025-10-08
11260,AW00011260,Katelyn,Kelly,M,NULL,2025-10-08
11261,AW00011261,Stephanie,Collins,M,NULL,2025-10-08
11262,AW00011262,Jennifer,Simmons,M,NULL,2025-10-08
11263,AW00011263,Trinity,Richardson,M,NULL,2025-10-08
11264,AW00011264,Eduardo,Martin,S,NULL,2025-10-08
11265,AW00011265,Elizabeth,Jones,M,NULL,2025-10-08
11266,AW00011266,Taylor,Howard,S,NULL,2025-10-08
11267,AW00011267,David,Diaz,S,NULL,2025-10-08
11268,AW00011268,Katelyn,Carter,M,NULL,2025-10-08
11269,AW00011269,Ryan,Foster,M,NULL,2025-10-08
11270,AW00011270,Robert,Lee,M,NULL,2025-10-08
11271,AW00011271,Danielle,Reed,S,NULL,2025-10-08
11272,AW00011272,Lauren,Martinez,S,NULL,2025-10-08
11273,AW00011273,Nathan,Lal,M,NULL,2025-10-08
11274,AW00011274,Kyle,Foster,M,NULL,2025-10-08
11275,AW00011275,Jenny,Rai,M,NULL,2025-10-08
11276,AW00011276,Nancy,Chapman,M,NULL,2025-10-08
11277,AW00011277,Charles,Jackson,M,NULL,2025-10-08
11278,AW00011278,Jonathan,Phillips,S,NULL,2025-10-08
11279,AW00011279,Amanda,Cook,M,NULL,2025-10-08
11280,AW00011280,Robert,Collins,M,NULL,2025-10-08
11281,AW00011281,Megan,Barnes,S,NULL,2025-10-08
11282,AW00011282,Christian,Thomas,M,NULL,2025-10-08
11283,AW00011283,Arturo,Lal,M,NULL,2025-10-08
11284,AW00011284,Theresa,Serrano,M,NULL,2025-10-08
11285,AW00011285,Jeremy,Anderson,M,NULL,2025-10-08
11286,AW00011286,Hunter,Griffin,M,NULL,2025-10-08
11287,AW00011287,Henry,Garcia,M,NULL,2025-10-08
11288,AW00011288,Cindy,Sanchez,M,NULL,2025-10-08
11289,AW00011289,Maria,Carter,M,NULL,2025-10-08
11290,AW00011290,Katelyn,Sanchez,M,NULL,2025-10-08
11291,AW00011291,Jenna,Wright,M,NULL,2025-10-08
11292,AW00011292,Seth,Phillips,S,NULL,2025-10-08
11293,AW00011293,Luke,Long,S,NULL,2025-10-08
11294,AW00011294,Dalton,Clark,M,NULL,2025-10-08
11295,AW00011295,Taylor,Lewis,S,NULL,2025-10-08
11296,AW00011296,Haley,Richardson,S,NULL,2025-10-08
11297,AW00011297,Noah,Coleman,S,NULL,2025-10-08
11298,AW00011298,Jon,Luo,M,NULL,2025-10-08
11299,AW00011299,Orlando,Vazquez,M,NULL,2025-10-08
11300,AW00011300,Fernando,Barnes,M,NULL,2025-10-08
11301,AW00011301,Cameron,Rodriguez,M,NULL,2025-10-08
11302,AW00011302,Spencer,Russell,S,NULL,2025-10-08
11303,AW00011303,Julia,Coleman,S,NULL,2025-10-08
11304,AW00011304,Julia,Garcia,M,NULL,2025-10-08
11305,AW00011305,Sean,Evans,M,NULL,2025-10-08
11306,AW00011306,Micah,Zhou,M,NULL,2025-10-08
11307,AW00011307,Hunter,Rodriguez,M,NULL,2025-10-08
11308,AW00011308,Ian,Gonzales,M,NULL,2025-10-08
11309,AW00011309,Victoria,Lewis,S,NULL,2025-10-08
11310,AW00011310,Erin,Sanders,S,NULL,2025-10-08
11311,AW00011311,Gabrielle,Lopez,S,NULL,2025-10-08
11312,AW00011312,Sara,Richardson,S,NULL,2025-10-08
11313,AW00011313,Trevor,Jenkins,S,NULL,2025-10-08
11314,AW00011314,Mya,Flores,S,NULL,2025-10-08
11315,AW00011315,Hailey,Ward,S,NULL,2025-10-08
11316,AW00011316,Luke,Allen,M,NULL,2025-10-08
11317,AW00011317,Victoria,Russell,S,NULL,2025-10-08
11318,AW00011318,Jessica,Wilson,S,NULL,2025-10-08
11319,AW00011319,Jade,Bailey,M,NULL,2025-10-08
11320,AW00011320,Morgan,Hill,M,NULL,2025-10-08
11321,AW00011321,Terrance,Raman,M,NULL,2025-10-08
11322,AW00011322,Sydney,Garcia,M,NULL,2025-10-08
11323,AW00011323,Jose,Patterson,S,NULL,2025-10-08
11324,AW00011324,Zachary,Anderson,M,NULL,2025-10-08
11325,AW00011325,Elijah,Ross,S,NULL,2025-10-08
11326,AW00011326,Rafael,Xie,M,NULL,2025-10-08
11327,AW00011327,Jaime,Moreno,M,NULL,2025-10-08
11328,AW00011328,Julian,Griffin,M,NULL,2025-10-08
11329,AW00011329,Andy,Alvarez,S,NULL,2025-10-08
11330,AW00011330,Ryan,Thompson,M,NULL,2025-10-08
11331,AW00011331,Samantha,Jenkins,M,NULL,2025-10-08
11332,AW00011332,Deanna,Ramos,S,NULL,2025-10-08
11333,AW00011333,Emily,Miller,M,NULL,2025-10-08
11334,AW00011334,Nicole,Brown,M,NULL,2025-10-08
11335,AW00011335,Carla,Raman,M,NULL,2025-10-08
11336,AW00011336,Shaun,Raji,M,NULL,2025-10-08
11337,AW00011337,Jerome,Romero,M,NULL,2025-10-08
11338,AW00011338,Frank,Navarro,M,NULL,2025-10-08
11339,AW00011339,Dennis,She,S,NULL,2025-10-08
11340,AW00011340,Melody,Munoz,M,NULL,2025-10-08
11341,AW00011341,Randy,Zeng,M,NULL,2025-10-08
11342,AW00011342,Marshall,Wang,M,NULL,2025-10-08
11343,AW00011343,Arthur,Carlson,M,NULL,2025-10-08
11344,AW00011344,Jessie,Jimenez,M,NULL,2025-10-08
11345,AW00011345,Robin,Ramos,S,NULL,2025-10-08
11346,AW00011346,Deanna,Gutierrez,S,NULL,2025-10-08
11347,AW00011347,Roy,Navarro,M,NULL,2025-10-08
11348,AW00011348,Shawn,Rai,M,NULL,2025-10-08
11349,AW00011349,Mindy,Luo,M,NULL,2025-10-08
11350,AW00011350,Cara,Zhou,M,NULL,2025-10-08
11351,AW00011351,Anne,Ramos,S,NULL,2025-10-08
11352,AW00011352,Raymond,Rodriguez,M,NULL,2025-10-08
11353,AW00011353,Carrie,Ortega,S,NULL,2025-10-08
11354,AW00011354,Deanna,Suarez,M,NULL,2025-10-08
11355,AW00011355,Roberto,Gutierrez,M,NULL,2025-10-08
11356,AW00011356,Terrence,Carson,S,NULL,2025-10-08
11357,AW00011357,Ramon,Ye,S,NULL,2025-10-08
11358,AW00011358,Cynthia,Malhotra,S,NULL,2025-10-08
11359,AW00011359,Jarrod,Prasad,S,NULL,2025-10-08
11360,AW00011360,Tyrone,Serrano,S,NULL,2025-10-08
11361,AW00011361,Cindy,Ramos,M,NULL,2025-10-08
11362,AW00011362,Damien,Shan,M,NULL,2025-10-08
11363,AW00011363,Julian,Ross,S,NULL,2025-10-08
11364,AW00011364,Jennifer,Collins,S,NULL,2025-10-08
11365,AW00011365,Brittney,Sun,S,NULL,2025-10-08
11366,AW00011366,Virginia,Patel,M,NULL,2025-10-08
11367,AW00011367,Calvin,Nara,M,NULL,2025-10-08
11368,AW00011368,Edward,Miller,S,NULL,2025-10-08
11369,AW00011369,Ashlee,Tang,M,NULL,2025-10-08
11370,AW00011370,Alicia,Xu,M,NULL,2025-10-08
11371,AW00011371,Lacey,Jai,M,NULL,2025-10-08
11372,AW00011372,Wendy,Romero,S,NULL,2025-10-08
11373,AW00011373,Carly,Luo,M,NULL,2025-10-08
11374,AW00011374,Jimmy,Ortega,S,NULL,2025-10-08
11375,AW00011375,Francisco,Martinez,M,NULL,2025-10-08
11376,AW00011376,Lance,Vazquez,S,NULL,2025-10-08
11377,AW00011377,David,Robinett,M,NULL,2025-10-08
11378,AW00011378,Shannon,Liang,S,NULL,2025-10-08
11379,AW00011379,Gary,Vazquez,M,NULL,2025-10-08
11380,AW00011380,Mitchell,Kumar,S,NULL,2025-10-08
11381,AW00011381,Meredith,Raman,M,NULL,2025-10-08
11382,AW00011382,Edward,Patterson,M,NULL,2025-10-08
11383,AW00011383,Marie,Gill,M,NULL,2025-10-08
11384,AW00011384,Tiffany,Wang,M,NULL,2025-10-08
11385,AW00011385,Miguel,Allen,S,NULL,2025-10-08
11386,AW00011386,Jaclyn,Cai,M,NULL,2025-10-08
11387,AW00011387,Megan,Ramirez,S,NULL,2025-10-08
11388,AW00011388,Joseph,Martin,M,NULL,2025-10-08
11389,AW00011389,Karl,Shan,S,NULL,2025-10-08
11390,AW00011390,Christine,Raji,S,NULL,2025-10-08
11391,AW00011391,Lindsay,Xie,S,NULL,2025-10-08
11392,AW00011392,Willie,Zhao,S,NULL,2025-10-08
11393,AW00011393,Kurt,Pal,S,NULL,2025-10-08
11394,AW00011394,George,McDonald,S,NULL,2025-10-08
11395,AW00011395,Beth,Gutierrez,S,NULL,2025-10-08
11396,AW00011396,Ian,Lopez,M,NULL,2025-10-08
11397,AW00011397,Latoya,Shan,S,NULL,2025-10-08
11398,AW00011398,Colin,Nath,S,NULL,2025-10-08
11399,AW00011399,Brenda,Mehta,S,NULL,2025-10-08
11400,AW00011400,Franklin,Raji,S,NULL,2025-10-08
11401,AW00011401,Linda,Navarro,M,NULL,2025-10-08
11402,AW00011402,Kelli,Cai,M,NULL,2025-10-08
11403,AW00011403,Nancy,Schmidt,S,NULL,2025-10-08
11404,AW00011404,Megan,Taylor,S,NULL,2025-10-08
11405,AW00011405,Bonnie,Goel,S,NULL,2025-10-08
11406,AW00011406,Latoya,Xu,M,NULL,2025-10-08
11407,AW00011407,Mario,She,M,NULL,2025-10-08
11408,AW00011408,Darren,Gill,M,NULL,2025-10-08
11409,AW00011409,Jacqueline,Hayes,S,NULL,2025-10-08
11410,AW00011410,Maurice,Goel,M,NULL,2025-10-08
11411,AW00011411,Devin,Ross,M,NULL,2025-10-08
11412,AW00011412,Sydney,Bryant,S,NULL,2025-10-08
11413,AW00011413,Megan,Stewart,M,NULL,2025-10-08
11414,AW00011414,Ian,Richardson,S,NULL,2025-10-08
11415,AW00011415,Randy,She,S,NULL,2025-10-08
11416,AW00011416,Katrina,Becker,M,NULL,2025-10-08
11417,AW00011417,Lacey,Zheng,M,NULL,2025-10-08
11418,AW00011418,Rafael,Hu,S,NULL,2025-10-08
11419,AW00011419,Kyle,Scott,M,NULL,2025-10-08
11420,AW00011420,Jordan,Turner,M,NULL,2025-10-08
11421,AW00011421,Amy,Sun,M,NULL,2025-10-08
11422,AW00011422,Dustin,Deng,M,NULL,2025-10-08
11423,AW00011423,Jasmine,Stewart,M,NULL,2025-10-08
11424,AW00011424,Pamela,Garcia,M,NULL,2025-10-08
11425,AW00011425,Ariana,Gray,M,NULL,2025-10-08
11426,AW00011426,Kristopher,Mehta,M,NULL,2025-10-08
11427,AW00011427,Desiree,Dominguez,M,NULL,2025-10-08
11428,AW00011428,Deanna,Perez,S,NULL,2025-10-08
11429,AW00011429,Marco,Lopez,M,NULL,2025-10-08
11430,AW00011430,Casey,Yuan,M,NULL,2025-10-08
11431,AW00011431,Bryant,Garcia,M,NULL,2025-10-08
11432,AW00011432,Dominique,Prasad,M,NULL,2025-10-08
11433,AW00011433,Maurice,Shan,M,NULL,2025-10-08
11434,AW00011434,Andre,Lopez,M,NULL,2025-10-08
11435,AW00011435,Robin,Romero,S,NULL,2025-10-08
11436,AW00011436,Taylor,Cox,M,NULL,2025-10-08
11437,AW00011437,Alfredo,Moreno,M,NULL,2025-10-08
11438,AW00011438,Jenny,Nara,M,NULL,2025-10-08
11439,AW00011439,Janet,Munoz,M,NULL,2025-10-08
11440,AW00011440,Sergio,Weber,M,NULL,2025-10-08
11441,AW00011441,Erika,Gomez,M,NULL,2025-10-08
11442,AW00011442,Joseph,Harris,M,NULL,2025-10-08
11443,AW00011443,Grace,Griffin,S,NULL,2025-10-08
11444,AW00011444,Tina,Mehta,M,NULL,2025-10-08
11445,AW00011445,Kari,Kim,S,NULL,2025-10-08
11446,AW00011446,Bethany,Chander,S,NULL,2025-10-08
11447,AW00011447,Jennifer,Roberts,M,NULL,2025-10-08
11448,AW00011448,Kyle,Patterson,S,NULL,2025-10-08
11449,AW00011449,Alvin,Hu,M,NULL,2025-10-08
11450,AW00011450,Brett,Mehta,S,NULL,2025-10-08
11451,AW00011451,Ruben,Mu├▒oz,S,NULL,2025-10-08
11452,AW00011452,Erika,Rubio,S,NULL,2025-10-08
11453,AW00011453,Stanley,Malhotra,S,NULL,2025-10-08
11454,AW00011454,Melinda,Navarro,S,NULL,2025-10-08
11455,AW00011455,Ross,Sanz,M,NULL,2025-10-08
11456,AW00011456,Jon,Gao,M,NULL,2025-10-08
11457,AW00011457,Jaime,Gutierrez,M,NULL,2025-10-08
11458,AW00011458,Bianca,Liu,M,NULL,2025-10-08
11459,AW00011459,Tasha,Deng,S,NULL,2025-10-08
11460,AW00011460,Melvin,Chande,S,NULL,2025-10-08
11461,AW00011461,Victor,Jimenez,S,NULL,2025-10-08
11462,AW00011462,Laura,Lin,M,NULL,2025-10-08
11463,AW00011463,Alisha,Beck,M,NULL,2025-10-08
11464,AW00011464,Alejandro,Huang,M,NULL,2025-10-08
11465,AW00011465,Louis,Luo,M,NULL,2025-10-08
11466,AW00011466,Grant,Tang,M,NULL,2025-10-08
11467,AW00011467,Arturo,Zheng,M,NULL,2025-10-08
11468,AW00011468,Jaclyn,Andersen,M,NULL,2025-10-08
11469,AW00011469,Edwin,Raji,S,NULL,2025-10-08
11470,AW00011470,Jay,Suarez,S,NULL,2025-10-08
11471,AW00011471,Latasha,Suarez,S,NULL,2025-10-08
11472,AW00011472,Kenneth,Kumar,S,NULL,2025-10-08
11473,AW00011473,Grace,Henderson,S,NULL,2025-10-08
11474,AW00011474,Melvin,Xu,S,NULL,2025-10-08
11475,AW00011475,Cesar,Subram,S,NULL,2025-10-08
11476,AW00011476,Erika,Navarro,M,NULL,2025-10-08
11477,AW00011477,Tristan,Hughes,S,NULL,2025-10-08
11478,AW00011478,Billy,Hernandez,S,NULL,2025-10-08
11479,AW00011479,Darryl,Wu,M,NULL,2025-10-08
11480,AW00011480,Colleen,Ma,M,NULL,2025-10-08
11481,AW00011481,Erica,Hu,M,NULL,2025-10-08
11482,AW00011482,Adrienne,Torres,S,NULL,2025-10-08
11483,AW00011483,Calvin,Chande,M,NULL,2025-10-08
11484,AW00011484,Erick,Sai,S,NULL,2025-10-08
11485,AW00011485,Donald,Chandra,M,NULL,2025-10-08
11486,AW00011486,Ariana,Rogers,S,NULL,2025-10-08
11487,AW00011487,Morgan,Jones,S,NULL,2025-10-08
11488,AW00011488,Jermaine,Lopez,S,NULL,2025-10-08
11489,AW00011489,Deborah,Goel,S,NULL,2025-10-08
11490,AW00011490,Danny,Rubio,S,NULL,2025-10-08
11491,AW00011491,Andre,Perez,M,NULL,2025-10-08
11492,AW00011492,Terrence,Chander,S,NULL,2025-10-08
11493,AW00011493,Dawn,Wu,S,NULL,2025-10-08
11494,AW00011494,Jimmy,Gutierrez,S,NULL,2025-10-08
11495,AW00011495,Francis,Jimenez,S,NULL,2025-10-08
11496,AW00011496,Gary,Ortega,S,NULL,2025-10-08
11497,AW00011497,Katrina,Nath,S,NULL,2025-10-08
11498,AW00011498,Arturo,Sun,S,NULL,2025-10-08
11499,AW00011499,Pedro,Vance,S,NULL,2025-10-08
11500,AW00011500,Sarah,Simmons,S,NULL,2025-10-08
11501,AW00011501,Brandy,Chandra,S,NULL,2025-10-08
11502,AW00011502,Jared,Peterson,S,NULL,2025-10-08
11503,AW00011503,Dennis,Wu,M,NULL,2025-10-08
11504,AW00011504,Jordan,Baker,M,NULL,2025-10-08
11505,AW00011505,Jasmine,Powell,S,NULL,2025-10-08
11506,AW00011506,Nicholas,Brown,S,NULL,2025-10-08
11507,AW00011507,Isabella,Russell,S,NULL,2025-10-08
11508,AW00011508,Elizabeth,Wilson,S,NULL,2025-10-08
11509,AW00011509,Roger,Harui,M,NULL,2025-10-08
11510,AW00011510,Seth,Roberts,M,NULL,2025-10-08
11511,AW00011511,Caleb,Perry,M,NULL,2025-10-08
11512,AW00011512,Natalie,Campbell,S,NULL,2025-10-08
11513,AW00011513,Alyssa,Howard,S,NULL,2025-10-08
11514,AW00011514,Dalton,Diaz,M,NULL,2025-10-08
11515,AW00011515,Shannon,Huang,M,NULL,2025-10-08
11516,AW00011516,Mya,Gonzales,M,NULL,2025-10-08
11517,AW00011517,Katherine,Bryant,M,NULL,2025-10-08
11518,AW00011518,Edward,Washington,M,NULL,2025-10-08
11519,AW00011519,Jerome,Navarro,M,NULL,2025-10-08
11520,AW00011520,Jada,Morgan,M,NULL,2025-10-08
11521,AW00011521,Ariana,Peterson,M,NULL,2025-10-08
11522,AW00011522,Christian,Hughes,M,NULL,2025-10-08
11523,AW00011523,Lucas,Taylor,M,NULL,2025-10-08
11524,AW00011524,Alyssa,Jackson,M,NULL,2025-10-08
11525,AW00011525,Ariana,Cook,M,NULL,2025-10-08
11526,AW00011526,Katherine,Diaz,M,NULL,2025-10-08
11527,AW00011527,Jenna,Green,M,NULL,2025-10-08
11528,AW00011528,Joan,Washington,M,NULL,2025-10-08
11529,AW00011529,Austin,Bryant,M,NULL,2025-10-08
11530,AW00011530,Andrew,Martinez,M,NULL,2025-10-08
11531,AW00011531,Nina,Yuan,M,NULL,2025-10-08
11532,AW00011532,Lauren,Miller,M,NULL,2025-10-08
11533,AW00011533,Ebony,Gill,M,NULL,2025-10-08
11534,AW00011534,Cameron,Lewis,S,NULL,2025-10-08
11535,AW00011535,Devin,Nelson,M,NULL,2025-10-08
11536,AW00011536,Logan,Chow,M,NULL,2025-10-08
11537,AW00011537,Dakota,Ross,M,NULL,2025-10-08
11538,AW00011538,Nicole,Taylor,S,NULL,2025-10-08
11539,AW00011539,Justin,Washington,M,NULL,2025-10-08
11540,AW00011540,Alberto,Navarro,S,NULL,2025-10-08
11541,AW00011541,Aidan,Ross,S,NULL,2025-10-08
11542,AW00011542,Alejandro,Tang,S,NULL,2025-10-08
11543,AW00011543,Sheena,Chande,M,NULL,2025-10-08
11544,AW00011544,Joel,Garcia,M,NULL,2025-10-08
11545,AW00011545,Reginald,Dominguez,M,NULL,2025-10-08
11546,AW00011546,Christine,Chande,M,NULL,2025-10-08
11547,AW00011547,Cindy,Sai,M,NULL,2025-10-08
11548,AW00011548,Raymond,Sanchez,S,NULL,2025-10-08
11549,AW00011549,Crystal,Liang,M,NULL,2025-10-08
11550,AW00011550,Deb,Torres,S,NULL,2025-10-08
11551,AW00011551,Shannon,Alvarez,S,NULL,2025-10-08
11552,AW00011552,Eddie,Rubio,S,NULL,2025-10-08
11553,AW00011553,Sharon,Luo,M,NULL,2025-10-08
11554,AW00011554,Sydney,Simmons,S,NULL,2025-10-08
11555,AW00011555,Alexandria,Henderson,M,NULL,2025-10-08
11556,AW00011556,Lucas,Evans,M,NULL,2025-10-08
11557,AW00011557,Felicia,Ramos,S,NULL,2025-10-08
11558,AW00011558,Ivan,Malhotra,S,NULL,2025-10-08
11559,AW00011559,Frederick,Subram,S,NULL,2025-10-08
11560,AW00011560,Whitney,Srini,S,NULL,2025-10-08
11561,AW00011561,Briana,Dominguez,S,NULL,2025-10-08
11562,AW00011562,Jarrod,Gonzalez,M,NULL,2025-10-08
11563,AW00011563,Cesar,Srini,S,NULL,2025-10-08
11564,AW00011564,Jorge,Liang,S,NULL,2025-10-08
11565,AW00011565,Erik,Diaz,S,NULL,2025-10-08
11566,AW00011566,April,Shan,M,NULL,2025-10-08
11567,AW00011567,Carla,Perez,M,NULL,2025-10-08
11568,AW00011568,Alexia,Foster,S,NULL,2025-10-08
11569,AW00011569,Troy,Malhotra,M,NULL,2025-10-08
11570,AW00011570,Kristin,Andersen,M,NULL,2025-10-08
11571,AW00011571,Joel,Sai,M,NULL,2025-10-08
11572,AW00011572,Billy,Moreno,M,NULL,2025-10-08
11573,AW00011573,Meagan,Subram,S,NULL,2025-10-08
11574,AW00011574,Karla,Luo,S,NULL,2025-10-08
11575,AW00011575,Jackson,Campbell,S,NULL,2025-10-08
11576,AW00011576,Micah,Zhu,M,NULL,2025-10-08
11577,AW00011577,Janet,Serrano,M,NULL,2025-10-08
11578,AW00011578,Trisha,Huang,S,NULL,2025-10-08
11579,AW00011579,Clayton,Beck,S,NULL,2025-10-08
11580,AW00011580,Melvin,Raje,M,NULL,2025-10-08
11581,AW00011581,Cindy,Jordan,M,NULL,2025-10-08
11582,AW00011582,Claudia,Ma,S,NULL,2025-10-08
11583,AW00011583,Karla,Xu,S,NULL,2025-10-08
11584,AW00011584,Devin,Carter,M,NULL,2025-10-08
11585,AW00011585,Kari,Perez,M,NULL,2025-10-08
11586,AW00011586,Alberto,Romero,M,NULL,2025-10-08
11587,AW00011587,Kevin,Bryant,S,NULL,2025-10-08
11588,AW00011588,Candace,Mehta,M,NULL,2025-10-08
11589,AW00011589,Ebony,Malhotra,M,NULL,2025-10-08
11590,AW00011590,Erika,Diaz,S,NULL,2025-10-08
11591,AW00011591,Stacey,Lu,S,NULL,2025-10-08
11592,AW00011592,Darrell,Raji,S,NULL,2025-10-08
11593,AW00011593,Armando,Moreno,S,NULL,2025-10-08
11594,AW00011594,Corey,Goel,S,NULL,2025-10-08
11595,AW00011595,Sebastian,Howard,S,NULL,2025-10-08
11596,AW00011596,Roger,Raje,M,NULL,2025-10-08
11597,AW00011597,Janelle,Chandra,S,NULL,2025-10-08
11598,AW00011598,Meredith,Ruiz,S,NULL,2025-10-08
11599,AW00011599,Melody,Diaz,S,NULL,2025-10-08
11600,AW00011600,Linda,Rubio,S,NULL,2025-10-08
11601,AW00011601,Ivan,Raman,S,NULL,2025-10-08
11602,AW00011602,Larry,Gill,S,NULL,2025-10-08
11603,AW00011603,Geoffrey,Gonzalez,S,NULL,2025-10-08
11604,AW00011604,Edgar,Sanchez,S,NULL,2025-10-08
11605,AW00011605,Heidi,Subram,S,NULL,2025-10-08
11606,AW00011606,Melody,Ramos,S,NULL,2025-10-08
11607,AW00011607,Clinton,Moreno,S,NULL,2025-10-08
11608,AW00011608,Cesar,Madan,S,NULL,2025-10-08
11609,AW00011609,Eugene,Ye,S,NULL,2025-10-08
11610,AW00011610,Blake,Collins,S,NULL,2025-10-08
11611,AW00011611,Ernest,Lin,M,NULL,2025-10-08
11612,AW00011612,Keith,Andersen,S,NULL,2025-10-08
11613,AW00011613,Meredith,Prasad,S,NULL,2025-10-08
11614,AW00011614,Katrina,Sharma,S,NULL,2025-10-08
11615,AW00011615,Dwayne,Navarro,M,NULL,2025-10-08
11616,AW00011616,Casey,Nath,M,NULL,2025-10-08
11617,AW00011617,Sean,Brooks,S,NULL,2025-10-08
11618,AW00011618,Brian,Ramirez,M,NULL,2025-10-08
11619,AW00011619,Sierra,Young,S,NULL,2025-10-08
11620,AW00011620,Megan,Rodriguez,S,NULL,2025-10-08
11621,AW00011621,Leah,She,S,NULL,2025-10-08
11622,AW00011622,Gabriel,Allen,M,NULL,2025-10-08
11623,AW00011623,Angela,Perry,S,NULL,2025-10-08
11624,AW00011624,Ryan,Smith,S,NULL,2025-10-08
11625,AW00011625,Zachary,Moore,M,NULL,2025-10-08
11626,AW00011626,Destiny,Rogers,M,NULL,2025-10-08
11627,AW00011627,Dalton,Gray,M,NULL,2025-10-08
11628,AW00011628,Mariah,Wood,S,NULL,2025-10-08
11629,AW00011629,Isaiah,Wright,S,NULL,2025-10-08
11630,AW00011630,Haley,Powell,M,NULL,2025-10-08
11631,AW00011631,Antonio,Bennett,M,NULL,2025-10-08
11632,AW00011632,Alexandra,Jenkins,M,NULL,2025-10-08
11633,AW00011633,Thomas,Anderson,M,NULL,2025-10-08
11634,AW00011634,Samuel,Collins,M,NULL,2025-10-08
11635,AW00011635,Darrell,Chande,M,NULL,2025-10-08
11636,AW00011636,Kimberly,Cox,S,NULL,2025-10-08
11637,AW00011637,Morgan,Hernandez,M,NULL,2025-10-08
11638,AW00011638,Antonio,Powell,M,NULL,2025-10-08
11639,AW00011639,Angelica,Perry,M,NULL,2025-10-08
11640,AW00011640,Chloe,Wilson,M,NULL,2025-10-08
11641,AW00011641,James,Chen,M,NULL,2025-10-08
11642,AW00011642,Morgan,Hughes,M,NULL,2025-10-08
11643,AW00011643,Naomi,Munoz,M,NULL,2025-10-08
11644,AW00011644,Charles,Torres,S,NULL,2025-10-08
11645,AW00011645,Gabriella,Turner,S,NULL,2025-10-08
11646,AW00011646,Anna,Foster,S,NULL,2025-10-08
11647,AW00011647,Randy,Wu,S,NULL,2025-10-08
11648,AW00011648,Kevin,Scott,S,NULL,2025-10-08
11649,AW00011649,Ian,White,M,NULL,2025-10-08
11650,AW00011650,Caleb,Hayes,M,NULL,2025-10-08
11651,AW00011651,Patricia,Garcia,M,NULL,2025-10-08
11652,AW00011652,Samuel,Russell,M,NULL,2025-10-08
11653,AW00011653,Sydney,Peterson,S,NULL,2025-10-08
11654,AW00011654,Ariana,Sanchez,M,NULL,2025-10-08
11655,AW00011655,Tamara,Sharma,S,NULL,2025-10-08
11656,AW00011656,Katelyn,Perez,M,NULL,2025-10-08
11657,AW00011657,Megan,Cox,M,NULL,2025-10-08
11658,AW00011658,Robert,Mitchell,M,NULL,2025-10-08
11659,AW00011659,Miguel,Adams,S,NULL,2025-10-08
11660,AW00011660,Miranda,Gonzales,M,NULL,2025-10-08
11661,AW00011661,Jeremiah,James,S,NULL,2025-10-08
11662,AW00011662,Ethan,Kumar,S,NULL,2025-10-08
11663,AW00011663,Seth,Williams,M,NULL,2025-10-08
11664,AW00011664,Alyssa,Morgan,S,NULL,2025-10-08
11665,AW00011665,Janet,Dominguez,M,NULL,2025-10-08
11666,AW00011666,Angel,Baker,M,NULL,2025-10-08
11667,AW00011667,Blake,Moore,M,NULL,2025-10-08
11668,AW00011668,Jada,Collins,S,NULL,2025-10-08
11669,AW00011669,Isabella,Simmons,S,NULL,2025-10-08
11670,AW00011670,Jacqueline,Perry,S,NULL,2025-10-08
11671,AW00011671,Jessica,Brown,S,NULL,2025-10-08
11672,AW00011672,Chad,Jai,M,NULL,2025-10-08
11673,AW00011673,Susan,Ye,S,NULL,2025-10-08
11674,AW00011674,Morgan,Rogers,M,NULL,2025-10-08
11675,AW00011675,Devin,Martinez,S,NULL,2025-10-08
11676,AW00011676,Alan,Hu,M,NULL,2025-10-08
11677,AW00011677,Charles,Walker,S,NULL,2025-10-08
11678,AW00011678,Johnny,Chavez,M,NULL,2025-10-08
11679,AW00011679,Dalton,Richardson,M,NULL,2025-10-08
11680,AW00011680,Kaylee,Nelson,M,NULL,2025-10-08
11681,AW00011681,Abigail,Jones,M,NULL,2025-10-08
11682,AW00011682,Kaitlyn,Hall,M,NULL,2025-10-08
11683,AW00011683,Greg,Taylor,M,NULL,2025-10-08
11684,AW00011684,Devin,Parker,S,NULL,2025-10-08
11685,AW00011685,Jose,Griffin,M,NULL,2025-10-08
11686,AW00011686,Luke,Edwards,S,NULL,2025-10-08
11687,AW00011687,Cody,Torres,S,NULL,2025-10-08
11688,AW00011688,Victoria,Morris,S,NULL,2025-10-08
11689,AW00011689,Ian,Diaz,M,NULL,2025-10-08
11690,AW00011690,Caroline,Butler,M,NULL,2025-10-08
11691,AW00011691,Kaitlyn,Wilson,S,NULL,2025-10-08
11692,AW00011692,Caleb,Gonzales,M,NULL,2025-10-08
11693,AW00011693,Hailey,Diaz,S,NULL,2025-10-08
11694,AW00011694,Jonathon,Ortega,M,NULL,2025-10-08
11695,AW00011695,Logan,Campbell,M,NULL,2025-10-08
11696,AW00011696,Mackenzie,Campbell,S,NULL,2025-10-08
11697,AW00011697,Eduardo,Lee,M,NULL,2025-10-08
11698,AW00011698,Jackson,Wright,M,NULL,2025-10-08
11699,AW00011699,Chase,Peterson,S,NULL,2025-10-08
11700,AW00011700,Xavier,Richardson,S,NULL,2025-10-08
11701,AW00011701,David,Hayes,M,NULL,2025-10-08
11702,AW00011702,Jenny,Zhou,S,NULL,2025-10-08
11703,AW00011703,Kaylee,Baker,S,NULL,2025-10-08
11704,AW00011704,Evan,Hernandez,S,NULL,2025-10-08
11705,AW00011705,Brooke,Richardson,S,NULL,2025-10-08
11706,AW00011706,Blake,Perez,M,NULL,2025-10-08
11707,AW00011707,Natalie,Cook,S,NULL,2025-10-08
11708,AW00011708,Elizabeth,Weisman,S,NULL,2025-10-08
11709,AW00011709,Hailey,Collins,S,NULL,2025-10-08
11710,AW00011710,Zoe,Ramirez,M,NULL,2025-10-08
11711,AW00011711,Daniel,Davis,S,NULL,2025-10-08
11712,AW00011712,Shelby,Rogers,M,NULL,2025-10-08
11713,AW00011713,Kyle,Zhang,M,NULL,2025-10-08
11714,AW00011714,Alexandria,Long,M,NULL,2025-10-08
11715,AW00011715,Chloe,Robinson,M,NULL,2025-10-08
11716,AW00011716,Evan,Kelly,S,NULL,2025-10-08
11717,AW00011717,Marcus,Jones,M,NULL,2025-10-08
11718,AW00011718,Sarah,Jones,M,NULL,2025-10-08
11719,AW00011719,Blake,Green,M,NULL,2025-10-08
11720,AW00011720,Morgan,Morris,M,NULL,2025-10-08
11721,AW00011721,Jennifer,Alexander,M,NULL,2025-10-08
11722,AW00011722,Julian,Hughes,M,NULL,2025-10-08
11723,AW00011723,Luke,Coleman,S,NULL,2025-10-08
11724,AW00011724,Jason,Carter,S,NULL,2025-10-08
11725,AW00011725,Jose,Li,S,NULL,2025-10-08
11726,AW00011726,Micah,Liang,S,NULL,2025-10-08
11727,AW00011727,Benjamin,Taylor,S,NULL,2025-10-08
11728,AW00011728,Logan,White,M,NULL,2025-10-08
11729,AW00011729,Caleb,Campbell,M,NULL,2025-10-08
11730,AW00011730,Emma,Torres,M,NULL,2025-10-08
11731,AW00011731,Tanya,Gill,M,NULL,2025-10-08
11732,AW00011732,Erick,Sanchez,M,NULL,2025-10-08
11733,AW00011733,Kristi,Schmidt,M,NULL,2025-10-08
11734,AW00011734,Omar,Chen,M,NULL,2025-10-08
11735,AW00011735,Sydney,Gray,M,NULL,2025-10-08
11736,AW00011736,Sebastian,Sanchez,M,NULL,2025-10-08
11737,AW00011737,Megan,Martin,M,NULL,2025-10-08
11738,AW00011738,Elijah,Alexander,M,NULL,2025-10-08
11739,AW00011739,Aaron,King,M,NULL,2025-10-08
11740,AW00011740,Jan,Hall,M,NULL,2025-10-08
11741,AW00011741,Tamara,Chander,M,NULL,2025-10-08
11742,AW00011742,Edward,Lewis,S,NULL,2025-10-08
11743,AW00011743,Chase,Kelly,M,NULL,2025-10-08
11744,AW00011744,Stephanie,Campbell,M,NULL,2025-10-08
11745,AW00011745,Allison,Gonzalez,M,NULL,2025-10-08
11746,AW00011746,Seth,Brooks,S,NULL,2025-10-08
11747,AW00011747,Destiny,Davis,M,NULL,2025-10-08
11748,AW00011748,Blake,Hill,M,NULL,2025-10-08
11749,AW00011749,Eduardo,Jackson,M,NULL,2025-10-08
11750,AW00011750,Latoya,She,M,NULL,2025-10-08
11751,AW00011751,Victoria,Gonzales,M,NULL,2025-10-08
11752,AW00011752,Lauren,Bryant,M,NULL,2025-10-08
11753,AW00011753,Felicia,Ortega,M,NULL,2025-10-08
11754,AW00011754,Janet,Ortega,M,NULL,2025-10-08
11755,AW00011755,Willie,Pal,M,NULL,2025-10-08
11756,AW00011756,Linda,Ortega,S,NULL,2025-10-08
11757,AW00011757,Vincent,Cai,M,NULL,2025-10-08
11758,AW00011758,Colin,Yuan,M,NULL,2025-10-08
11759,AW00011759,Dawn,Nath,M,NULL,2025-10-08
11760,AW00011760,Melody,Moreno,M,NULL,2025-10-08
11761,AW00011761,Edgar,Mehta,S,NULL,2025-10-08
11762,AW00011762,Randall,Gomez,M,NULL,2025-10-08
11763,AW00011763,Ross,Fernandez,M,NULL,2025-10-08
11764,AW00011764,Jessie,Ramos,S,NULL,2025-10-08
11765,AW00011765,Marc,Torres,M,NULL,2025-10-08
11766,AW00011766,Candace,Raman,S,NULL,2025-10-08
11767,AW00011767,Meagan,Madan,S,NULL,2025-10-08
11768,AW00011768,Clayton,Nara,M,NULL,2025-10-08
11769,AW00011769,Haley,Hernandez,S,NULL,2025-10-08
11770,AW00011770,Peter,Nara,S,NULL,2025-10-08
11771,AW00011771,Isaac,Rivera,S,NULL,2025-10-08
11772,AW00011772,Cameron,Moore,M,NULL,2025-10-08
11773,AW00011773,Gavin,Diaz,S,NULL,2025-10-08
11774,AW00011774,Emma,Sanchez,M,NULL,2025-10-08
11775,AW00011775,Sierra,Roberts,S,NULL,2025-10-08
11776,AW00011776,Seth,Mitchell,M,NULL,2025-10-08
11777,AW00011777,Miranda,Long,S,NULL,2025-10-08
11778,AW00011778,Haley,Henderson,S,NULL,2025-10-08
11779,AW00011779,Sarah,Jackson,S,NULL,2025-10-08
11780,AW00011780,Jessica,Alexander,S,NULL,2025-10-08
11781,AW00011781,Carlos,Gray,M,NULL,2025-10-08
11782,AW00011782,Barbara,Jai,M,NULL,2025-10-08
11783,AW00011783,Sara,Mitchell,M,NULL,2025-10-08
11784,AW00011784,Jose,Turner,M,NULL,2025-10-08
11785,AW00011785,Theodore,Diaz,M,NULL,2025-10-08
11786,AW00011786,Ian,Murphy,S,NULL,2025-10-08
11787,AW00011787,Jerry,Nath,M,NULL,2025-10-08
11788,AW00011788,Destiny,James,S,NULL,2025-10-08
11789,AW00011789,Bailey,Phillips,M,NULL,2025-10-08
11790,AW00011790,Timothy,Gonzalez,M,NULL,2025-10-08
11791,AW00011791,Chase,Morgan,M,NULL,2025-10-08
11792,AW00011792,Alexia,Perry,M,NULL,2025-10-08
11793,AW00011793,Xavier,Rogers,M,NULL,2025-10-08
11794,AW00011794,Lauren,Ross,S,NULL,2025-10-08
11795,AW00011795,Nicole,Thomas,S,NULL,2025-10-08
11796,AW00011796,Isabel,Jenkins,S,NULL,2025-10-08
11797,AW00011797,Devin,Coleman,S,NULL,2025-10-08
11798,AW00011798,Brendan,Chande,M,NULL,2025-10-08
11799,AW00011799,Jessie,Wang,M,NULL,2025-10-08
11800,AW00011800,Jennifer,Baker,M,NULL,2025-10-08
11801,AW00011801,Aaron,Sharma,M,NULL,2025-10-08
11802,AW00011802,Madison,Taylor,M,NULL,2025-10-08
11803,AW00011803,Jan,Hernandez,S,NULL,2025-10-08
11804,AW00011804,Haley,Turner,M,NULL,2025-10-08
11805,AW00011805,Richard,Green,M,NULL,2025-10-08
11806,AW00011806,Jennifer,Stewart,M,NULL,2025-10-08
11807,AW00011807,Lucas,Baker,M,NULL,2025-10-08
11808,AW00011808,James,Parker,M,NULL,2025-10-08
11809,AW00011809,Juan,Gray,M,NULL,2025-10-08
11810,AW00011810,Antonio,Washington,S,NULL,2025-10-08
11811,AW00011811,Abigail,Brooks,S,NULL,2025-10-08
11812,AW00011812,Andrew,Rodriguez,M,NULL,2025-10-08
11813,AW00011813,Mary,Patterson,M,NULL,2025-10-08
11814,AW00011814,Dalton,Morgan,M,NULL,2025-10-08
11815,AW00011815,Hannah,Patterson,M,NULL,2025-10-08
11816,AW00011816,Joe,Torres,M,NULL,2025-10-08
11817,AW00011817,Morgan,Miller,S,NULL,2025-10-08
11818,AW00011818,Daniel,Garcia,M,NULL,2025-10-08
11819,AW00011819,Jose,Lal,M,NULL,2025-10-08
11820,AW00011820,Katelyn,Lopez,M,NULL,2025-10-08
11821,AW00011821,Austin,Johnson,M,NULL,2025-10-08
11822,AW00011822,Rohinton,Wadia,M,NULL,2025-10-08
11823,AW00011823,Morgan,Turner,M,NULL,2025-10-08
11824,AW00011824,Jill,Martin,M,NULL,2025-10-08
11825,AW00011825,Aimee,She,S,NULL,2025-10-08
11826,AW00011826,Jessie,Alonso,M,NULL,2025-10-08
11827,AW00011827,Sara,Baker,M,NULL,2025-10-08
11828,AW00011828,Katherine,Martinez,M,NULL,2025-10-08
11829,AW00011829,Sophia,Campbell,M,NULL,2025-10-08
11830,AW00011830,Taylor,Garcia,M,NULL,2025-10-08
11831,AW00011831,Christian,Ross,M,NULL,2025-10-08
11832,AW00011832,Zoe,Murphy,S,NULL,2025-10-08
11833,AW00011833,Oscar,Price,M,NULL,2025-10-08
11834,AW00011834,Fernando,Flores,S,NULL,2025-10-08
11835,AW00011835,Elijah,Russell,S,NULL,2025-10-08
11836,AW00011836,Garrett,Travers,M,NULL,2025-10-08
11837,AW00011837,Haley,Alexander,S,NULL,2025-10-08
11838,AW00011838,Justin,Rodriguez,S,NULL,2025-10-08
11839,AW00011839,Tyler,Brown,S,NULL,2025-10-08
11840,AW00011840,Julian,Patterson,M,NULL,2025-10-08
11841,AW00011841,Sean,Nelson,M,NULL,2025-10-08
11842,AW00011842,Justin,Wilson,S,NULL,2025-10-08
11843,AW00011843,Christy,Nara,S,NULL,2025-10-08
11844,AW00011844,Michele,Alvarez,S,NULL,2025-10-08
11845,AW00011845,Natalie,Jones,S,NULL,2025-10-08
11846,AW00011846,Savannah,Reed,S,NULL,2025-10-08
11847,AW00011847,Cassidy,Diaz,S,NULL,2025-10-08
11848,AW00011848,Joshua,Lewis,M,NULL,2025-10-08
11849,AW00011849,Faith,Reed,S,NULL,2025-10-08
11850,AW00011850,Brooke,Ramirez,S,NULL,2025-10-08
11851,AW00011851,Jada,Mitchell,S,NULL,2025-10-08
11852,AW00011852,Kyle,Russell,S,NULL,2025-10-08
11853,AW00011853,Grace,Jones,S,NULL,2025-10-08
11854,AW00011854,Jason,Mitchell,S,NULL,2025-10-08
11855,AW00011855,Christian,Walker,M,NULL,2025-10-08
11856,AW00011856,Seth,Hernandez,M,NULL,2025-10-08
11857,AW00011857,Isabella,Young,S,NULL,2025-10-08
11858,AW00011858,Jordan,Coleman,M,NULL,2025-10-08
11859,AW00011859,Blake,Garcia,M,NULL,2025-10-08
11860,AW00011860,Nicole,Walker,M,NULL,2025-10-08
11861,AW00011861,Katherine,Carter,M,NULL,2025-10-08
11862,AW00011862,Olivia,Peterson,S,NULL,2025-10-08
11863,AW00011863,Jessica,Wood,M,NULL,2025-10-08
11864,AW00011864,Elizabeth,Thompson,M,NULL,2025-10-08
11865,AW00011865,Chloe,Rivera,M,NULL,2025-10-08
11866,AW00011866,Lucas,Scott,M,NULL,2025-10-08
11867,AW00011867,Nathaniel,James,M,NULL,2025-10-08
11868,AW00011868,Jessica,Peterson,S,NULL,2025-10-08
11869,AW00011869,Kaitlyn,Adams,S,NULL,2025-10-08
11870,AW00011870,Jillian,Garcia,S,NULL,2025-10-08
11871,AW00011871,Dalton,Bennett,S,NULL,2025-10-08
11872,AW00011872,Faith,Patterson,S,NULL,2025-10-08
11873,AW00011873,Ryan,Zhang,M,NULL,2025-10-08
11874,AW00011874,Adrian,Bell,S,NULL,2025-10-08
11875,AW00011875,Jonathan,Brown,M,NULL,2025-10-08
11876,AW00011876,Madison,White,M,NULL,2025-10-08
11877,AW00011877,Alexis,Diaz,M,NULL,2025-10-08
11878,AW00011878,Christine,Nara,M,NULL,2025-10-08
11879,AW00011879,Edgar,Sai,M,NULL,2025-10-08
11880,AW00011880,Melissa,Sanchez,M,NULL,2025-10-08
11881,AW00011881,Richard,Mitchell,M,NULL,2025-10-08
11882,AW00011882,Patrick,Stewart,M,NULL,2025-10-08
11883,AW00011883,Hannah,Anderson,M,NULL,2025-10-08
11884,AW00011884,Latoya,Shen,M,NULL,2025-10-08
11885,AW00011885,Kurt,Sharma,M,NULL,2025-10-08
11886,AW00011886,Katelyn,Parker,M,NULL,2025-10-08
11887,AW00011887,Joseph,White,M,NULL,2025-10-08
11888,AW00011888,Aaron,Ross,M,NULL,2025-10-08
11889,AW00011889,Blake,Patterson,S,NULL,2025-10-08
11890,AW00011890,Whitney,Lopez,M,NULL,2025-10-08
11891,AW00011891,Jamie,Liang,M,NULL,2025-10-08
11892,AW00011892,Julio,Ortega,M,NULL,2025-10-08
11893,AW00011893,Orlando,Carlson,M,NULL,2025-10-08
11894,AW00011894,Ann,Gonzalez,M,NULL,2025-10-08
11895,AW00011895,Dustin,Chander,M,NULL,2025-10-08
11896,AW00011896,Frank,Carlson,M,NULL,2025-10-08
11897,AW00011897,Orlando,Ashe,S,NULL,2025-10-08
11898,AW00011898,Angela,Henderson,M,NULL,2025-10-08
11899,AW00011899,Brenda,Perez,S,NULL,2025-10-08
11900,AW00011900,Byron,Carlson,S,NULL,2025-10-08
11901,AW00011901,Stacy,Alvarez,S,NULL,2025-10-08
11902,AW00011902,Drew,Pal,M,NULL,2025-10-08
11903,AW00011903,Kate,Raji,S,NULL,2025-10-08
11904,AW00011904,Kaylee,Cook,S,NULL,2025-10-08
11905,AW00011905,Isaiah,Ramirez,S,NULL,2025-10-08
11906,AW00011906,Gabriella,Sanders,M,NULL,2025-10-08
11907,AW00011907,Sarah,Garcia,S,NULL,2025-10-08
11908,AW00011908,Rafael,Tang,S,NULL,2025-10-08
11909,AW00011909,Nichole,She,M,NULL,2025-10-08
11910,AW00011910,Jaclyn,Zheng,M,NULL,2025-10-08
11911,AW00011911,Rachael,Kapoor,M,NULL,2025-10-08
11912,AW00011912,Rachael,Sai,S,NULL,2025-10-08
11913,AW00011913,Rebecca,Robinson,M,NULL,2025-10-08
11914,AW00011914,Meagan,Rana,S,NULL,2025-10-08
11915,AW00011915,Philip,Carlson,S,NULL,2025-10-08
11916,AW00011916,Joe,Rana,S,NULL,2025-10-08
11917,AW00011917,Roy,Sanz,S,NULL,2025-10-08
11918,AW00011918,Kaylee,Hill,M,NULL,2025-10-08
11919,AW00011919,Warren,Andersen,M,NULL,2025-10-08
11920,AW00011920,Adrienne,Gomez,S,NULL,2025-10-08
11921,AW00011921,Gilbert,Zhu,M,NULL,2025-10-08
11922,AW00011922,James,Davis,S,NULL,2025-10-08
11923,AW00011923,Sarah,Bryant,M,NULL,2025-10-08
11924,AW00011924,Ian,Long,S,NULL,2025-10-08
11925,AW00011925,Ashlee,Jai,S,NULL,2025-10-08
11926,AW00011926,Eduardo,Foster,S,NULL,2025-10-08
11927,AW00011927,Nicole,Murphy,S,NULL,2025-10-08
11928,AW00011928,Isabella,Morris,M,NULL,2025-10-08
11929,AW00011929,Virginia,Gonzalez,S,NULL,2025-10-08
11930,AW00011930,Jaclyn,Nara,M,NULL,2025-10-08
11931,AW00011931,Marcus,Adams,S,NULL,2025-10-08
11932,AW00011932,Elizabeth,Coleman,M,NULL,2025-10-08
11933,AW00011933,Mathew,Rubio,S,NULL,2025-10-08
11934,AW00011934,Justin,Shan,S,NULL,2025-10-08
11935,AW00011935,Jessica,Taylor,S,NULL,2025-10-08
11936,AW00011936,Hunter,Clark,M,NULL,2025-10-08
11937,AW00011937,Devin,Perez,M,NULL,2025-10-08
11938,AW00011938,Seth,Alexander,M,NULL,2025-10-08
11939,AW00011939,Kevin,Washington,S,NULL,2025-10-08
11940,AW00011940,Tyler,Miller,M,NULL,2025-10-08
11941,AW00011941,Adam,Roberts,S,NULL,2025-10-08
11942,AW00011942,George,Gonzalez,M,NULL,2025-10-08
11943,AW00011943,Dawn,Huang,M,NULL,2025-10-08
11944,AW00011944,Rachael,Rodriguez,S,NULL,2025-10-08
11945,AW00011945,Dennis,Huang,M,NULL,2025-10-08
11946,AW00011946,Brandy,Saunders,S,NULL,2025-10-08
11947,AW00011947,Jenny,Zheng,S,NULL,2025-10-08
11948,AW00011948,Tasha,Xu,M,NULL,2025-10-08
11949,AW00011949,Julia,Brooks,S,NULL,2025-10-08
11950,AW00011950,Jordan,Carter,M,NULL,2025-10-08
11951,AW00011951,Lacey,Huang,M,NULL,2025-10-08
11952,AW00011952,Dorothy,Robinson,S,NULL,2025-10-08
11953,AW00011953,Courtney,Wright,S,NULL,2025-10-08
11954,AW00011954,Joseph,Garcia,M,NULL,2025-10-08
11955,AW00011955,Gabriel,Green,S,NULL,2025-10-08
11956,AW00011956,Alexandria,Sandberg,S,NULL,2025-10-08
11957,AW00011957,Courtney,Hernandez,S,NULL,2025-10-08
11958,AW00011958,Dylan,Lal,S,NULL,2025-10-08
11959,AW00011959,Elizabeth,Davis,S,NULL,2025-10-08
11960,AW00011960,Ana,Griffin,S,NULL,2025-10-08
11961,AW00011961,Anne,Alvarez,S,NULL,2025-10-08
11962,AW00011962,Alexandra,Roberts,S,NULL,2025-10-08
11963,AW00011963,Antonio,Patterson,M,NULL,2025-10-08
11964,AW00011964,Sharon,Salavaria,S,NULL,2025-10-08
11965,AW00011965,Katie,She,S,NULL,2025-10-08
11966,AW00011966,Rafael,Black,S,NULL,2025-10-08
11967,AW00011967,Latasha,Munoz,S,NULL,2025-10-08
11968,AW00011968,Kelsey,Becker,S,NULL,2025-10-08
11969,AW00011969,Randy,Xu,S,NULL,2025-10-08
11970,AW00011970,Bailey,Collins,S,NULL,2025-10-08
11971,AW00011971,Amanda,Adams,S,NULL,2025-10-08
11972,AW00011972,Katherine,Williams,M,NULL,2025-10-08
11973,AW00011973,Caroline,Barnes,S,NULL,2025-10-08
11974,AW00011974,Randy,Sun,S,NULL,2025-10-08
11975,AW00011975,Destiny,Garcia,S,NULL,2025-10-08
11976,AW00011976,Audrey,Ramos,S,NULL,2025-10-08
11977,AW00011977,Bonnie,Jai,M,NULL,2025-10-08
11978,AW00011978,Jackson,Washington,M,NULL,2025-10-08
11979,AW00011979,Christopher,Johnson,M,NULL,2025-10-08
11980,AW00011980,Kimberly,Richardson,S,NULL,2025-10-08
11981,AW00011981,Alexandria,Howard,S,NULL,2025-10-08
11982,AW00011982,Alexandra,Foster,S,NULL,2025-10-08
11983,AW00011983,Cheryl,Ortega,M,NULL,2025-10-08
11984,AW00011984,Alex,Campbell,M,NULL,2025-10-08
11985,AW00011985,Melanie,Hughes,M,NULL,2025-10-08
11986,AW00011986,Max,Alvarez,S,NULL,2025-10-08
11987,AW00011987,Diane,Vazquez,M,NULL,2025-10-08
11988,AW00011988,Kathryn,Chapman,S,NULL,2025-10-08
11989,AW00011989,Kara,Anand,S,NULL,2025-10-08
11990,AW00011990,Joanna,Vazquez,S,NULL,2025-10-08
11991,AW00011991,Frederick,Martinez,M,NULL,2025-10-08
11992,AW00011992,Tonya,Chande,S,NULL,2025-10-08
11993,AW00011993,Rosa,Wang,S,NULL,2025-10-08
11994,AW00011994,Leah,Hu,S,NULL,2025-10-08
11995,AW00011995,Kelvin,Carson,M,NULL,2025-10-08
11996,AW00011996,Veronica,Srini,S,NULL,2025-10-08
11997,AW00011997,Kristina,Kapoor,M,NULL,2025-10-08
11998,AW00011998,Donna,Sharma,M,NULL,2025-10-08
11999,AW00011999,Johnny,Shan,M,NULL,2025-10-08
